parameter_ID,subject_ID,actigraphy_file,time_point_datime,comment
example01_preWorkTST_01,example01,example01_left_08-01-2016_114100_AWedited,3/07/2016 10:00,example of an error-- sleep and work period overlap
example01_preWorkTST_02,example01,example01_left_08-01-2016_114100_AWedited,4/07/2016 10:00,time awake at work start
example01_preWorkTST_03,example01,example01_left_08-01-2016_114100_AWedited,5/07/2016 10:00,time awake at work start
example01_preWorkTST_04,example01,example01_left_08-01-2016_114100_AWedited,6/07/2016 10:00,time awake at work start
example01_preWorkTST_05,example01,example01_left_08-01-2016_114100_AWedited,7/07/2016 10:00,time awake at work start
example01_preWorkTST_06,example01,example01_left_08-01-2016_114100_AWedited,8/07/2016 10:00,time awake at work start
example02_preWorkTST_01,example02,example02_09-05-2016_163631_AWedited,27/07/2016 9:00,time awake at work start
example02_preWorkTST_02,example02,example02_09-05-2016_163631_AWedited,28/07/2016 9:00,time awake at work start
example02_preWorkTST_03,example02,example02_09-05-2016_163631_AWedited,29/07/2016 9:00,time awake at work start
example02_preWorkTST_04,example02,example02_09-05-2016_163631_AWedited,1/08/2016 9:00,time awake at work start
example02_preWorkTST_05,example02,example02_09-05-2016_163631_AWedited,2/08/2016 9:00,time awake at work start
