parameter_ID,subject_ID,actigraphy_file,summary_start_datime,summary_duration_h,summary_type,summary_end_datime,comment
example01_TST24_01,example01,example01_left_08-01-2016_114100_AWedited,2/07/2016 12:00,24,sequential,3/07/2016 12:00,total sleep time in 24 hours noon to noon
example01_TST24_02,example01,example01_left_08-01-2016_114100_AWedited,3/07/2016 12:00,24,sequential,4/07/2016 12:00,total sleep time in 24 hours noon to noon
example01_TST24_03,example01,example01_left_08-01-2016_114100_AWedited,4/07/2016 12:00,24,sequential,5/07/2016 12:00,total sleep time in 24 hours noon to noon
example01_TST24_04,example01,example01_left_08-01-2016_114100_AWedited,5/07/2016 12:00,24,sequential,6/07/2016 12:00,total sleep time in 24 hours noon to noon
example01_TST24_05,example01,example01_left_08-01-2016_114100_AWedited,6/07/2016 12:00,24,sequential,7/07/2016 12:00,total sleep time in 24 hours noon to noon
example02_TST24_01,example02,example02_09-05-2016_163631_AWedited,26/07/2016 12:00,24,sequential,27/07/2016 12:00,total sleep time in 24 hours noon to noon
example02_TST24_02,example02,example02_09-05-2016_163631_AWedited,27/07/2016 12:00,24,sequential,28/07/2016 12:00,total sleep time in 24 hours noon to noon
example02_TST24_03,example02,example02_09-05-2016_163631_AWedited,28/07/2016 12:00,24,sequential,29/07/2016 12:00,total sleep time in 24 hours noon to noon
example02_TST24_04,example02,example02_09-05-2016_163631_AWedited,29/07/2016 12:00,24,sequential,30/07/2016 12:00,total sleep time in 24 hours noon to noon
example02_TST24_05,example02,example02_09-05-2016_163631_AWedited,30/07/2016 12:00,24,sequential,31/07/2016 12:00,total sleep time in 24 hours noon to noon
