parameter_ID,subject_ID,actigraphy_file,summary_start_datime,summary_duration_h,summary_type,summary_end_datime,comment
MVB_homesleep_01,MVB,MVB_09-05-2016_163631_AWedited,28/07/2016 0:00,24,sequential,28/07/2016 23:59,total sleep time in 24 hours midnight to midnight_at home
MVB_homesleep_02,MVB,MVB_09-05-2016_163631_AWedited,29/07/2016 0:00,24,sequential,29/07/2016 23:59,total sleep time in 24 hours midnight to midnight_at home
MVB_homesleep_03,MVB,MVB_09-05-2016_163631_AWedited,30/07/2016 0:00,24,sequential,30/07/2016 23:59,total sleep time in 24 hours midnight to midnight_at home
MVB_homesleep_04,MVB,MVB_09-05-2016_163631_AWedited,31/07/2016 0:00,24,sequential,31/07/2016 23:59,total sleep time in 24 hours midnight to midnight_at home
MVB_homesleep_05,MVB,MVB_09-05-2016_163631_AWedited,1/08/2016 0:00,24,sequential,1/08/2016 23:59,total sleep time in 24 hours midnight to midnight_at home
