parameter_ID,subject_ID,actigraphy_file,summary_start_datime,summary_duration_h,summary_type,summary_end_datime,comment
MVB_homesleep_08,MVB,MVB_09-05-2016_163631_AWedited,28/07/2016 0:00,8,daily,1/08/2016 0:00,
MVB_homesleep_12,MVB,MVB_09-05-2016_163631_AWedited,28/07/2016 0:00,16,daily,1/08/2016 0:00,
MVB_homesleep_06,MVB,MVB_09-05-2016_163631_AWedited,28/07/2016 0:00,24,first,,
MVB_homesleep_07,MVB,MVB_09-05-2016_163631_AWedited,30/07/2016 0:00,-24,first,,
MVB_homesleep_04,MVB,MVB_09-05-2016_163631_AWedited,27/07/2016 0:00,24,sequential,31/07/2016 0:00,
MVB_homesleep_05,MVB,MVB_09-05-2016_163631_AWedited,31/07/2016 0:00,-24,sequential,27/07/2016 0:00,
MVB_homesleep_09,MVB,MVB_09-05-2016_163631_AWedited,27/07/2016 12:00,24,sequential,31/07/2016 12:00,
MVB_homesleep_16,MVB,MVB_09-05-2016_163631_AWedited,31/07/2016 12:00,24,sequential,27/07/2016 12:00,
MVB_homesleep_01,MVB,MVB_09-05-2016_163631_AWedited,28/07/2016 0:00,,time_to_time,31/07/2016 0:10,
