parameter_ID,subject_ID,actigraphy_file,summary_start_datime,summary_duration_h,summary_type,summary_end_datime,comment
example01_TST24_01,example01,example_scored,2/07/2016 12:00,24,sequential,3/07/2016 12:00,total sleep time in 24 hours noon to noon
example01_TST24_01,example01,example_scored,3/07/2016 12:00,24,sequential,4/07/2016 12:00,total sleep time in 24 hours noon to noon
example01_TST24_01,example01,example_scored,4/07/2016 12:00,24,sequential,5/07/2016 12:00,total sleep time in 24 hours noon to noon
example01_TST24_01,example01,example_scored,5/07/2016 12:00,24,sequential,6/07/2016 12:00,total sleep time in 24 hours noon to noon
example01_TST24_01,example01,example_scored,6/07/2016 12:00,24,sequential,7/07/2016 12:00,total sleep time in 24 hours noon to noon
example01_TST24_01,example01,example_scored,7/07/2016 12:00,24,sequential,8/07/2016 12:00,total sleep time in 24 hours noon to noon
example01_TST24_01,example01,example_scored,8/07/2016 12:00,24,sequential,9/07/2016 12:00,total sleep time in 24 hours noon to noon
