parameter_ID,subject_ID,actigraphy_file,time_point_datime,comment
example01_TST24_01,example01,example_scored,3/07/2016 10:00,example of an error-- sleep and work period overlap
example01_TST24_01,example01,example_scored,4/07/2016 10:00,time awake at work start
example01_TST24_01,example01,example_scored,5/07/2016 10:00,time awake at work start
example01_TST24_01,example01,example_scored,6/07/2016 10:00,time awake at work start
example01_TST24_01,example01,example_scored,7/07/2016 10:00,time awake at work start
example01_TST24_01,example01,example_scored,8/07/2016 10:00,time awake at work start
